﻿<?xml version="1.0" encoding="utf-8" standalone="no"?>
<manifest identifier="_5WdOxJKdzus" version="1.3" xmlns="http://www.imsglobal.org/xsd/imscp_v1p1" xmlns:adlcp="http://www.adlnet.org/xsd/adlcp_v1p3" xmlns:adlseq="http://www.adlnet.org/xsd/adlseq_v1p3" xmlns:adlnav="http://www.adlnet.org/xsd/adlnav_v1p3" xmlns:imsss="http://www.imsglobal.org/xsd/imsss" xmlns:xsi="http://www.w3.org/2001/XMLSchema-instance" xmlns:lom="http://ltsc.ieee.org/xsd/LOM" xsi:schemaLocation="http://www.imsglobal.org/xsd/imscp_v1p1 imscp_v1p1.xsd
                              http://www.adlnet.org/xsd/adlcp_v1p3 adlcp_v1p3.xsd
                              http://www.adlnet.org/xsd/adlseq_v1p3 adlseq_v1p3.xsd
                              http://www.adlnet.org/xsd/adlnav_v1p3 adlnav_v1p3.xsd
							  http://www.imsglobal.org/xsd/imsss imsss_v1p0.xsd
							  http://ltsc.ieee.org/xsd/LOM lom.xsd">
  <metadata>
    <schema>ADL SCORM</schema>
    <schemaversion>2004 4th Edition</schemaversion>
    <adlcp:location>metadata.xml</adlcp:location>
  </metadata>
  <organizations default="pendu-auto_ORG">
    <organization identifier="pendu-auto_ORG" adlseq:objectivesGlobalToSystem="false">
      <title>pendu-auto</title>
      <item identifier="pendu-auto_SCO" identifierref="__5WdOxJKdzus_RES" isvisible="true">
        <title>pendu-auto</title>
      </item>
      <metadata>
        <adlcp:location>metadata.xml</adlcp:location>
      </metadata>
      <imsss:sequencing>
        <imsss:controlMode choice="true" flow="true" />
      </imsss:sequencing>
    </organization>
  </organizations>
  <resources>
    <resource identifier="__5WdOxJKdzus_RES" type="webcontent" adlcp:scormType="sco" href="index_lms.html">
      <file href="story_content/thumbnail.jpg" />
      <file href="mobile/6WdmyyZ6Z8e_80.jpg" />
      <file href="story_content/5Zrsv3H9fNT_44100_48_0.mp3" />
      <file href="story_content/6LZfiuHpgNm_44100_48_0.mp3" />
      <file href="story_content/6eCJIhuxLJG_44100_48_0.mp3" />
      <file href="story_content/6cklS3rMmuo_44100_48_0.mp3" />
      <file href="mobile/6AsbBzyJAfK.png" />
      <file href="mobile/6NOizLrMRze.png" />
      <file href="mobile/6XNJLCBHY2T.png" />
      <file href="mobile/6XEAG6MyUXL.png" />
      <file href="mobile/6bDc3cinPnr.png" />
      <file href="mobile/6NwMJNFLmWn.png" />
      <file href="mobile/5imtLXrQxZf.png" />
      <file href="mobile/5ZoEnBKED4U.png" />
      <file href="mobile/6ImcSYk4fRb.png" />
      <file href="mobile/6ZmoQvX6dLO.png" />
      <file href="mobile/67CCFTeUPFf.png" />
      <file href="meta.xml" />
      <file href="story_content/user.js" />
      <file href="html5/data/css/output.min.css" />
      <file href="html5/data/js/5cnXVbOCTqS.js" />
      <file href="html5/data/js/5nvX7fqorZZ.js" />
      <file href="html5/data/js/5v1dGxpkzcx.js" />
      <file href="html5/data/js/69X9ewDYE58.js" />
      <file href="html5/data/js/6dLDHi4ypoo.js" />
      <file href="html5/data/js/6kMjPeYj2l6.js" />
      <file href="html5/data/js/6m1Fu6hb776.js" />
      <file href="html5/data/js/data.js" />
      <file href="html5/data/js/frame.js" />
      <file href="html5/data/js/paths.js" />
      <file href="html5/lib/hls/hls.min.js" />
      <file href="html5/lib/scripts/bootstrapper.min.js" />
      <file href="html5/lib/scripts/frame.desktop.min.js" />
      <file href="html5/lib/scripts/frame.mobile.min.js" />
      <file href="html5/lib/scripts/slides.min.js" />
      <file href="html5/lib/stylesheets/desktop.min.css" />
      <file href="html5/lib/stylesheets/mobile.min.css" />
      <file href="html5/lib/stylesheets/mobile-fonts/open-sans-bold.woff" />
      <file href="html5/lib/stylesheets/mobile-fonts/open-sans-light.woff" />
      <file href="html5/lib/stylesheets/mobile-fonts/open-sans-regular.woff" />
      <file href="analytics-frame.html" />
      <file href="story.html" />
      <file href="index_lms.html" />
      <file href="lms/AICCComm.html" />
      <file href="lms/blank.html" />
      <file href="lms/browsersniff.js" />
      <file href="lms/goodbye.html" />
      <file href="lms/scormdriver.js" />
    </resource>
  </resources>
</manifest>