<?xml version="1.0" standalone="no" ?>
<manifest identifier="jPAcwwLIRlo8u_6Mzj7l_IrSuWRCflaFKxhFmOm5" version="1.3"
  xmlns="http://www.imsglobal.org/xsd/imscp_v1p1"
  xmlns:xsi="http://www.w3.org/2001/XMLSchema-instance"
  xmlns:adlcp="http://www.adlnet.org/xsd/adlcp_v1p3"
  xmlns:adlseq="http://www.adlnet.org/xsd/adlseq_v1p3"
  xmlns:imsss="http://www.imsglobal.org/xsd/imsss"
  xsi:schemaLocation="http://www.imsglobal.org/xsd/imscp_v1p1 imscp_v1p1.xsd
                      http://www.adlnet.org/xsd/adlcp_v1p3 adlcp_v1p3.xsd
                      http://www.adlnet.org/xsd/adlseq_v1p3 adlseq_v1p3.xsd
                      http://www.imsglobal.org/xsd/imsss imsss_v1p0.xsd">
  <metadata>
    <schema>ADL SCORM</schema>
    <schemaversion>2004 4th Edition</schemaversion>
    <adlcp:location>metadata.xml</adlcp:location>   
  </metadata>
  <organizations default="B0">
    <organization identifier="B0" adlseq:objectivesGlobalToSystem="false">
      <title>Metz</title>
      <item identifier="i1" identifierref="r1" isvisible="true">
        <title>Metz</title>
        <adlcp:dataFromLMS>eyJjcHYiOiJLeGhGbU9tNSIsInJsZCI6ZmFsc2V9</adlcp:dataFromLMS>
        <imsss:sequencing>
          <imsss:deliveryControls tracked="true" completionSetByContent="true" objectiveSetByContent="true"/>
        </imsss:sequencing>
      </item>
      <metadata>
        <adlcp:location>metadata.xml</adlcp:location>
      </metadata>
      <imsss:sequencing>
        <imsss:controlMode choice="true" flow="true"/>
      </imsss:sequencing>
    </organization>
  </organizations>
  <resources>
    <resource identifier="r1" type="webcontent" adlcp:scormType="sco" href="scormdriver/indexAPI.html">
      <!-- SCORMDRIVER STUFF -->
      <file href="scormdriver/indexAPI.html" />
      <file href="scormdriver/preloadIntegrity.js" />
      <file href="scormdriver/driverOptions.js" />
      <file href="scormdriver/AICCComm.html" />
      <file href="scormdriver/auto-scripts/AutoBookmark.js" />
      <file href="scormdriver/auto-scripts/AutoCompleteSCO.js" />
      <file href="scormdriver/auto-scripts/CourseExit.js" />
      <file href="scormdriver/blank.html" />
      <file href="scormdriver/goodbye.html" />
      <file href="scormdriver/scormdriver.js" />
      <file href="scormdriver/browsersniff.js" />

      <!-- RUNTIME COMMON STUFF -->
      <file href="scormcontent/index.html" />

      
        <file href="scormcontent/lib/fonts/icomoon.ttf"/>
        <file href="scormcontent/lib/fonts/icomoon.woff"/>

        <file href="scormcontent/lib/icomoon.css"/>
        <file href="scormcontent/lib/player-0.0.11.min.js"/>
        <file href="scormcontent/lib/lzwcompress.js"/>
      

      <!-- FRONTEND BUNDLE ASSETS -->
      <file href="scormcontent/lib/rise/f3ed5e33.js" />
<file href="scormcontent/lib/rise/02ed395c.css" />
<file href="scormcontent/lib/rise/850ff6cb.js" />
<file href="scormcontent/lib/rise/36294a44.css" />
<file href="scormcontent/lib/rise/767f7192.js" />
<file href="scormcontent/lib/rise/254e83dc.js" />
<file href="scormcontent/lib/rise/c82cca6a.js" />
<file href="scormcontent/lib/rise/40b4cf18.js" />
<file href="scormcontent/lib/rise/b2cebec4.js" />
<file href="scormcontent/lib/rise/a607e3d7.js" />
<file href="scormcontent/lib/mondrian/entry.js" />
<file href="scormcontent/lib/mondrian/e83d668b.js" />
<file href="scormcontent/lib/mondrian/f4d88062.js" />
<file href="scormcontent/lib/mondrian/c4496aaf.js" />
<file href="scormcontent/lib/mondrian/daeabcf0.js" />
<file href="scormcontent/lib/mondrian/fc50ba3e.js" />
<file href="scormcontent/lib/mondrian/09e37aee.js" />
<file href="scormcontent/lib/mondrian/196251cf.js" />
<file href="scormcontent/lib/sandbox/sandbox.html" />
<file href="scormcontent/lib/sandbox/b8fc6988.js" />
<file href="scormcontent/lib/sandbox/4adfab46.css" />


      <!-- RUNTIME CONTENT STUFF -->
      <file href="scormcontent/lib/fonts/BeVietnam-Bold.woff" />
<file href="scormcontent/lib/fonts/BeVietnam-Italic.woff" />
<file href="scormcontent/lib/fonts/BeVietnam-Regular.woff" />
<file href="scormcontent/lib/fonts/Inter-Medium.woff" />
<file href="scormcontent/lib/fonts/Inter-Black.woff" />
<file href="scormcontent/lib/fonts/Inter-Bold.woff" />
<file href="scormcontent/lib/fonts/Inter-Regular.woff" />
<file href="scormcontent/lib/fonts/Inter-Light.woff" />
<file href="scormcontent/assets/small_1652367287.png" />
<file href="scormcontent/assets/f4GkYF26oy5NP8Cn.jpg" />
<file href="scormcontent/assets/metz.jpg" />
<file href="scormcontent/assets/metz2.jpg" />
<file href="scormcontent/assets/Metz4.jpg" />
<file href="scormcontent/assets/E_Z1Y6/mountains.jpg" />
<file href="scormcontent/assets/Metz5.jpg" />
<file href="scormcontent/assets/Metz3.jpg" />
<file href="scormcontent/assets/Metz8.png" />
<file href="scormcontent/assets/Metz7.jpg" />
<file href="scormcontent/assets/youtube_P97LRy0R1NA_audio.mp3" />
<file href="scormcontent/assets/metz19.jpg" />
<file href="scormcontent/assets/metz20.jpg" />
<file href="scormcontent/assets/metz18.jpg" />
<file href="scormcontent/assets/metz9.jpg" />
<file href="scormcontent/assets/metz10.jpg" />
<file href="scormcontent/assets/metz11.jpg" />
<file href="scormcontent/assets/metz12.jpg" />
<file href="scormcontent/assets/metz17.jpg" />
<file href="scormcontent/assets/metz14.jpg" />
<file href="scormcontent/assets/metz16.jpg" />
<file href="scormcontent/assets/metz15.jpg" />
<file href="scormcontent/assets/metz13.jpg" />
<file href="scormcontent/assets/metz21.jpg" />
<file href="scormcontent/assets/eC05Lk/metz21.jpg" />
<file href="scormcontent/assets/QVRuyUe2HTlx3Gr2_504_full.png" />
<file href="scormcontent/assets/1sZu1RxY-GtoMdVE_439_full.png" />
<file href="scormcontent/assets/0w3FX0Yvalm5z_NO_502_full.png" />
<file href="scormcontent/assets/JPmXos5SDQkZWBfQ_509_full.png" />
<file href="scormcontent/assets/ibOLx509REC3ZsYV_438_full.png" />
<file href="scormcontent/assets/xcKeLf5qTOKNzn5t_501_full.png" />
<file href="scormcontent/assets/Ql06gz6MjdGYiU6f_544_full.png" />
<file href="scormcontent/assets/Fl5vZtzeWfkpFzaz_496_full.png" />
<file href="scormcontent/assets/0TDX386Gcs1__NfW_507_full.png" />
<file href="scormcontent/assets/u5l6ZESb5bFl-bIj_542_full.png" />
<file href="scormcontent/assets/yAXXN3h2UV5rwjcY_500_full.png" />
<file href="scormcontent/assets/DfFqQ_E9ETBtwV3P_532_full.png" />

      <file href="scormcontent/locales/und.js" />

    </resource>
  </resources>
</manifest>
